events,P001,P002,P003,P004,P005,P006,P007,P008,P009,P010,P011
Control_1_Start,1666302689,1666306282,1666387515,1666636850,1666736471,1666809748,1666823552,1666907024,1666910139,1666913844,1666977865
Control_1_End,1666302800,1666306456,1666387706,1666637001,1666736685,1666809882,1666823857,1666907121,1666910353,1666913976,1666978169
Control_2_Start,1666302826,1666306522,1666387791,1666637036,1666736747,1666809907,1666823907,1666907148,1666910398,1666914003,1666978255
Control_2_End,1666302883,1666306579,1666387908,1666637109,1666736821,1666809940,1666824010,1666907185,1666910453,1666914039,1666978311
Control_3_Start,1666302904,1666306608,1666387933,1666637134,1666736844,1666809954,1666824041,1666907204,1666910481,1666914092,1666978343
Control_3_End,1666302961,1666306642,1666388041,1666637175,1666736913,1666809980,1666824156,1666907245,1666910512,1666914117,1666978388
Control_4_Start,1666302987,1666306679,1666388059,1666637194,1666736932,1666809996,1666824173,1666907302,1666910570,1666914137,1666978409
Control_4_End,1666303045,1666306709,1666388136,1666637223,1666736999,1666810028,1666824278,1666907333,1666910621,1666914160,1666978450
Control_5_Start,1666303070,1666306734,1666388159,1666637249,1666737018,1666810042,1666824298,1666907357,1666910651,1666914184,1666978471
Control_5_End,1666303120,1666306758,1666388195,1666637278,1666737073,1666810075,1666824405,1666907385,1666910676,1666914214,1666978562
Treatment_1_Start,1666301893,1666306855,1666388327,1666635921,1666737176,1666808969,1666824620,1666906110,1666910975,1666913213,1666978773
Treatment_1_End,1666302115,1666306946,1666388529,1666636183,1666737299,1666809218,1666824855,1666906342,1666911078,1666913386,1666978958
Treatment_2_Start,1666302148,1666306967,1666388572,1666636270,1666737331,1666809297,1666824886,1666906431,1666911099,1666913435,1666978993
Treatment_2_End,1666302311,1666307008,1666388652,1666636357,1666737399,1666809386,1666825026,1666906542,1666911140,1666913512,1666979051
Treatment_3_Start,1666302345,1666307022,1666388679,1666636391,1666737419,1666809407,1666825044,1666906568,1666911156,1666913536,1666979074
Treatment_3_End,1666302411,1666307061,1666388745,1666636469,1666737479,1666809477,1666825149,1666906663,1666911197,1666913595,1666979123
Treatment_4_Start,1666302441,1666307077,1666388766,1666636494,1666737504,1666809494,1666825168,1666906712,1666911224,1666913633,1666979150
Treatment_4_End,1666302497,1666307111,1666388838,1666636580,1666737564,1666809574,1666825254,1666906776,1666911267,1666913682,1666979195
Treatment_5_Start,1666302525,1666307127,1666388865,1666636614,1666737586,1666809590,1666825269,1666906802,1666911285,1666913709,1666979224
Treatment_5_End,1666302579,1666307157,1666388920,1666636693,1666737644,1666809647,1666825372,1666906868,1666911321,1666913754,1666979263
